{"1": [-999.0, -999.0, 1.0], "2": [-999.0, -999.0, 1.0], "3": [0.0, 1500.0, 0.9736], "4": [1500.0, 3000.0, 0.6123], "5": [3000.0, 4687.5, 0.4079], "6": [4687.5, 6750.0, 0.2767], "7": [6750.0, 9187.5, 0.1882], "8": [9187.5, 12000.0, 0.1286], "9": [12000.0, 15187.5, 0.08821], "10": [15187.5, 18750.0, 0.0608], "11": [18750.0, 22687.5, 0.0421], "12": [22687.5, 27000.0, 0.02928], "13": [27000.0, 31687.5, 0.02046], "14": [31687.5, 36750.0, 0.01435], "15": [36750.0, 42187.5, 0.01011], "16": [42187.5, 48000.0, 0.007148], "17": [48000.0, 54187.5, 0.005073], "18": [54187.5, 60750.0, 0.003613], "19": [60750.0, 67687.5, 0.002582], "20": [67687.5, 75000.0, 0.001851], "21": [75000.0, 82687.5, 0.001331], "22": [82687.5, 90750.0, 0.0009601], "23": [90750.0, 99187.5, 0.0006945], "24": [99187.5, 108000.0, 0.0005037], "25": [108000.0, 117187.5, 0.0003664], "26": [117187.5, 126750.0, 0.0002671], "27": [126750.0, 136687.5, 0.0001953], "28": [136687.5, 147000.0, 0.0001431], "29": [147000.0, 157687.5, 0.0001051], "30": [157687.5, 168750.0, 7.732e-05], "31": [168750.0, 180187.5, 5.703e-05], "32": [180187.5, 192000.0, 4.216e-05], "33": [192000.0, 204187.5, 3.122e-05], "34": [204187.5, 216750.0, 2.317e-05], "35": [216750.0, 229687.5, 1.723e-05], "36": [229687.5, 243000.0, 1.283e-05], "37": [243000.0, 256687.5, 9.576e-06], "38": [256687.5, 270750.0, 7.159e-06], "39": [270750.0, 285187.5, 5.361e-06], "40": [285187.5, 300000.0, 4.021e-06]}